report_date,"Loin, tndrloin, trmd, heavy (189A  4)_price","Loin, top butt, CC (184B  3)_price","Loin, top butt, bnls, heavy (184  1)_price","Loin, tndrloin, trmd, heavy (189A  4)_volume","Loin, top butt, CC (184B  3)_volume","Loin, top butt, bnls, heavy (184  1)_volume"

4/6/01,755.79,,227.41,1627352,,1179256

4/13/01,0,,236.97,,,717345

4/20/01,782.49,,238.74,440118,,290149

4/27/01,789.1,,245.96,779768,,601362

5/4/01,810.93,,265.47,527212,,395719

5/11/01,831.71,,275.48,469451,,872231

5/18/01,843.54,,284.4,663838,,495537

5/25/01,845.75,,310.13,475882,,336833

6/1/01,839.96,,315.74,457375,,384470

6/8/01,817.44,,0,460740,,

6/15/01,794.1,,304.47,466298,,277871

6/22/01,754.04,,255.88,856760,,1184541

6/29/01,731.34,,257.72,859435,,434655

7/6/01,714.63,,243.63,485257,,174686

7/13/01,689.07,,214.56,341559,,565819

7/20/01,675.63,,199.64,1164692,,833789

7/27/01,699.81,,207.43,437600,,991542

8/3/01,692.07,,191.49,377330,,406896

8/10/01,683.88,,180.84,1036051,,429305

8/17/01,699.46,,178.13,628528,,734117

8/24/01,708.59,,182.19,356897,,414686

8/31/01,701.95,,168.46,862235,,819203

9/7/01,703.38,,169.65,904113,,522294

9/14/01,707.37,,174.54,549283,,560064

9/21/01,706.13,,174.72,270049,,633577

9/28/01,671.33,,167.98,424794,,471114

10/5/01,638.72,,166.23,758349,,472033

10/12/01,647.87,,172.68,478934,,376155

10/19/01,640.45,,171.67,392288,,446808

10/26/01,618.94,,168.88,532697,,394885

11/2/01,606.98,,161.33,766467,,599359

11/9/01,598.01,,156.7,730514,,486679

11/16/01,603.83,,157.28,790516,,601642

11/23/01,670.65,,160.75,461979,,547846

11/30/01,735.18,,161.78,261341,,564368

12/7/01,745.7,,162.06,505810,,530973

12/14/01,755.13,,160.06,387227,,558590

12/21/01,742.24,,161,460758,,442173

12/28/01,697.52,,163.84,473521,,400221

1/4/02,686.06,,166.94,556130,,557629

1/11/02,700.22,,163.41,660513,,613471

1/18/02,716.55,,166.56,479313,,516240

1/25/02,698.08,,167.29,246060,,869720

2/1/02,677.02,,180.37,1030766,,1026101

2/8/02,689.63,,197.65,530778,,518234

2/15/02,688.53,,221.79,601296,,298758

2/22/02,663.96,,221.53,1001760,,400822

3/1/02,679.46,,224.47,1266040,,563656

3/8/02,703.41,,232.15,317800,,536792

3/15/02,717.63,,231.35,439326,,488070

3/22/02,730.33,,207.72,390329,,585298

3/29/02,690.22,,193.16,720923,,740658

4/5/02,685.27,,187.73,624326,,716757

4/12/02,706.2,,198.6,468886,,212363

4/19/02,696.95,,205.65,623530,,264822

4/26/02,688.05,,208.4,678668,,588373

5/3/02,690.52,,204.41,513880,,382868

5/10/02,724.69,,199.46,389776,,327490

5/17/02,736.15,,213.43,512865,,190625

5/24/02,760.49,,217.79,459456,,118368

5/31/02,767.79,,207.45,366594,,337526

6/7/02,775.1,,202.45,417627,,382199

6/14/02,769.66,,198.41,370567,,380985

6/21/02,765.55,,194.95,542784,,659973

6/28/02,760.99,,200.27,398887,,342999

7/5/02,735.17,,189.76,315195,,427143

7/12/02,711.75,,182.58,353901,,501829

7/19/02,693.98,,190.41,455276,,510802

7/26/02,673.4,,194.16,475825,,370771

8/2/02,671.64,,198.05,415909,,337255

8/9/02,663.43,,198.8,996456,,282621

8/16/02,678.02,,207.8,901416,,573144

8/23/02,694.92,,203.18,515877,,430311

8/30/02,716.65,,204.24,440848,,301674

9/6/02,720.02,,195.52,445236,,301539

9/13/02,716.05,,182.1,779063,,484218

9/20/02,735.56,,187.85,668781,,299849

9/27/02,756.24,,181.26,467139,,256732

10/4/02,752.21,,166.48,584917,,515812

10/11/02,759.04,,167.51,387635,,344737

10/18/02,764.2,,169.4,438302,,328267

10/25/02,769.2,,165.24,476415,,337280

11/1/02,772.77,,159.7,338187,,449738

11/8/02,781.56,,161.2,520469,,350133

11/15/02,792.9,,167.03,384904,,420374

11/22/02,818.91,,172.45,321451,,330588

11/29/02,838.05,,167.99,245674,,389678

12/6/02,852.07,,164.26,358688,,634304

12/13/02,874.1,,174.03,279245,,307470

12/20/02,825.25,,179.06,522977,,389354

12/27/02,812.08,,183.02,373233,,273932

1/3/03,821.89,,181.88,390787,,409483

1/10/03,833.95,,183.66,718440,,696905

1/17/03,871.48,,203,192633,,195876

1/24/03,863.65,,203.16,271976,,361323

1/31/03,821.67,,197.23,991018,,749168

2/7/03,837.79,,202.74,450326,,459598

2/14/03,827.11,,195.05,382514,,501636

2/21/03,787.02,,200.55,1066534,,377072

2/28/03,804.62,,194.83,358195,,445800

3/7/03,810.83,,196.85,430847,,332918

3/14/03,803.4,,184.11,394779,,479025

3/21/03,803.28,,190.76,241334,,552961

3/28/03,795.11,,205.69,527377,,442511

4/4/03,797.4,,222.71,315068,,188265

4/11/03,818.72,,226.61,686260,,138699

4/18/03,836.89,,229.29,439981,,202092

4/25/03,847.78,,217.32,295094,,400850

5/2/03,860.8,,225.99,204223,,171003

5/9/03,875.2,,248.05,431845,,205003

5/16/03,895.28,,268.46,334288,,420102

5/23/03,939.26,,297.87,330612,,118664

5/30/03,996.39,,310.93,208647,,169684

6/6/03,999.65,,308.63,330030,,267727

6/13/03,980.34,,290.49,202988,,119301

6/20/03,942.81,,224.23,241512,,593619

6/27/03,882.62,,218.39,334171,,449746

7/4/03,837.76,,224.83,332336,,303721

7/11/03,825.2,,214.73,492064,,461899

7/18/03,814.06,,199.61,325622,,496683

7/25/03,803.2,,203.28,549055,,367839

8/1/03,820.57,,219.52,307755,,388089

8/8/03,828.87,,245.84,147622,,138334

8/15/03,832.39,,231.86,286388,,143617

8/22/03,837.47,,224.85,453258,,496419

8/29/03,859.53,,235.29,335907,,207539

9/5/03,898.87,,244.24,503836,,497071

9/12/03,963.56,,265.25,212816,,199900

9/19/03,1012.44,,275.9,140786,,136469

9/26/03,1035.36,,290.18,142907,,98030

10/3/03,1065.1,,273.93,182175,,151809

10/10/03,1123.55,,280.82,265343,,315557

10/17/03,1250.82,,327.04,169292,,94685

10/24/03,1275.42,,299.41,119255,,68872

10/31/03,1370.95,,241.32,133008,,132715

11/7/03,1407.11,,241.46,112574,,150032

11/14/03,1383.67,,209.78,134218,,281008

11/21/03,1294.59,,212.84,219278,,496117

11/28/03,1241.6,,211.36,387136,,92990

12/5/03,1138,,188.61,280242,,643169

12/12/03,1091.76,,208.46,178974,,192911

12/19/03,1033.07,,202.62,252854,,595120

12/24/03,969.51,,224.93,149787,,142785

1/2/04,876.71,,220.23,529793,,188801

1/9/04,810.23,,206.31,1097313,,265583

1/16/04,836.79,,234.35,389793,,125889

1/23/04,889.44,,259.82,160906,,116123

1/30/04,865.96,,255.87,226222,,106724

2/6/04,788.83,,227.56,893291,,274925

2/13/04,792.17,,242.93,853819,,162615

2/20/04,812.51,,230.01,351924,,289185

2/27/04,848.77,,243.12,463457,,212379

3/5/04,889.3,,269.84,278072,,156664

3/12/04,927.03,,286.46,320150,,284567

3/19/04,960.88,,294.74,303867,,312949

3/26/04,937.61,,287.29,311031,,333101

4/2/04,945.86,,279.01,586556,,427461

4/9/04,987.75,,311.61,260944,,437639

4/16/04,1025.39,,350.65,122448,,197686

4/23/04,1049.65,,358.76,330837,,309610

4/30/04,1049.63,,367.68,542990,,468825

5/7/04,1068.48,,381.61,367825,,307638

5/14/04,1052.44,,389.8,555481,,292725

5/21/04,1028.19,,397.16,299844,,270832

5/28/04,967.82,,391.64,396610,,264558

6/4/04,934.52,,388.52,718685,,369908

6/11/04,915.69,,394.14,374095,,278591

6/18/04,822.68,,357.21,1309121,,260172

6/25/04,823.1,,261.92,403792,,822039

7/2/04,777.72,,284.16,954141,,387627

7/9/04,777.69,,260.09,352242,,286285

7/16/04,727.83,,248.97,998778,,318955

7/23/04,742.72,,224.01,1393120,,487443

7/30/04,814.35,,248.64,486901,,207923

8/6/04,834.08,,242.6,370165,,241931

8/13/04,835.6,,238.94,596630,,386782

8/20/04,841.17,,224.9,448585,,440637

8/27/04,834.36,,227.8,459964,,338794

9/3/04,784.79,,193.54,719388,,680865

9/10/04,763.33,,192.11,755310,,465666

9/17/04,775.62,,206.06,670693,,356447

9/24/04,781.86,,197.61,755575,,746358

10/1/04,746.77,,199.53,1427995,,394576

10/8/04,758.63,,194.27,827371,,446524

10/15/04,788.25,,207.69,752487,,582175

10/22/04,831.77,,221.81,725089,,354901

10/29/04,861.06,,230.79,431011,,268519

11/5/04,855.8,,193.47,315197,,382637

11/12/04,806.3,,192.97,719127,,398520

11/19/04,848.61,,202.43,264724,,292637

11/26/04,836.36,,198.77,643974,,289104

12/3/04,914.49,,216.72,225453,,184508

12/10/04,909.25,,196.84,599009,,337829

12/17/04,886.31,,196.91,542778,,373921

12/23/04,867.21,,205.09,797653,,370802

12/30/04,852.08,,203.63,544635,,316991

1/7/05,853.36,,198.91,609234,,580881

1/14/05,866.55,,241.49,564841,,164262

1/21/05,869.52,,260.53,425584,,132938

1/28/05,836.56,,248.98,413924,,135707

2/4/05,798.75,,230.31,1174491,,388893

2/11/05,800.65,,239.08,529505,,227999

2/18/05,770.4,,244.04,1231365,,298167

2/25/05,775.69,,256.22,1032182,,501831

3/4/05,819.52,,276.86,525944,,170587

3/11/05,886.02,,305.43,481058,,346711

3/18/05,908.78,,311.15,204950,,280725

3/25/05,887.89,,306.71,292564,,295157

4/1/05,875.6,,310.5,543544,,171519

4/8/05,870.12,,309.99,490898,,185102

4/15/05,862.83,,302.06,451989,,275593

4/22/05,862.42,,305.28,474627,,397487

4/29/05,862.62,,324.22,480243,,187706

5/6/05,855.58,,321.41,495341,,228466

5/13/05,807.73,,322.2,1032135,,169271

5/20/05,841.77,,319.9,350200,,214556

5/27/05,831.52,,296.65,438671,,226916

6/3/05,794.82,,247.1,968089,,393623

6/10/05,805.5,,230.92,460350,,263120

6/17/05,770.97,,207.34,627918,,291557

6/24/05,756.58,,193.6,1021910,,585967

7/1/05,757.68,,207.99,814758,,280925

7/8/05,764.57,,210.47,404503,,316075

7/15/05,750.61,,213.88,526308,,222369

7/22/05,715.1,,207.24,1209595,,276987

7/29/05,690.62,,200.92,1336395,,302260

8/5/05,710.7,,210.01,826518,,334486

8/12/05,735.93,,225.82,991941,,183644

8/19/05,764.93,,221.97,361822,,301007

8/26/05,765.04,,210.67,675109,,687441

9/2/05,778.87,,226.79,440533,,202975

9/9/05,780.16,,223.59,653239,,312471

9/16/05,798.01,,228.58,759151,,272503

9/23/05,804.31,,229.04,462188,,147025

9/30/05,781.56,,227.57,1046573,,305143

10/7/05,827.24,,241.26,486119,,240535

10/14/05,870.3,,246.76,613444,,155263

10/21/05,906.33,,250.5,387697,,200938

10/28/05,912.09,,244.41,327626,,175387

11/4/05,930.22,,232.97,554737,,174526

11/11/05,962.36,,229.19,354464,,236016

11/18/05,1019.79,,234.89,407497,,249006

11/25/05,1042.64,,218.1,382649,,276468

12/2/05,1090.05,,204.85,451789,,386783

12/9/05,1138.04,,229.55,419928,,198070

12/16/05,1182.81,,235.98,387318,,318092

12/23/05,1212.75,,241.67,334323,,152837

12/30/05,1133.87,,241.88,414153,,131840

1/6/06,1096.6,,235.91,492097,,205385

1/13/06,1065.39,,246.04,533079,,210296

1/20/06,1079.02,,246.4,531862,,234717

1/27/06,1065,,232.52,611393,,518147

2/3/06,1040.18,,248.72,362304,,173940

2/10/06,1009.99,,246.68,329011,,781068

2/17/06,968.74,,272.58,578757,,293880

2/24/06,959.5,,292.04,575893,,225854

3/3/06,943.14,,294.08,462519,,247167

3/10/06,902.51,,296.26,774667,,208741

3/17/06,882.19,,288.85,375295,,293347

3/24/06,817.73,,280.56,1101298,,271870

3/31/06,813.56,,268.16,622691,,167108

4/7/06,805.85,,224.35,957718,,891938

4/14/06,834.45,,271.44,508567,,164954

4/21/06,864.2,,289.6,349889,,187473

4/28/06,880.26,,296.51,391218,,226361

5/5/06,879.86,,316.88,529051,,186227

5/12/06,878.26,,326.42,565790,,174301

5/19/06,887.67,,325.43,585194,,194486

5/26/06,920.07,,317.76,564865,,296931

6/2/06,939.52,,335.12,590085,,192366

6/9/06,972.52,,346.14,347142,,140324

6/16/06,985.99,,336.51,391885,,176169

6/23/06,1005.76,,331.91,426005,,227906

6/30/06,1024.2,,332.52,362870,,211920

7/7/06,1028.02,,318.96,426700,,276383

7/14/06,1032.92,,302.9,257195,,194181

7/21/06,1022.09,,288.69,183147,,194184

7/28/06,958.84,,240.75,478204,,390220

8/4/06,947.93,,242.6,459535,,262004

8/11/06,953.26,,248.17,580831,,199522

8/18/06,962.74,,261.7,580068,,204201

8/25/06,956.06,,245.26,508293,,169732

9/1/06,961.87,,247.37,656680,,218660

9/8/06,972.64,,244.72,575396,,174444

9/15/06,951.54,,223.99,773293,,310481

9/22/06,942.21,,227.2,615795,,215344

9/29/06,951.74,,218.41,492466,,223214

10/6/06,961.14,,220.24,693679,,188179

10/13/06,977.98,,200.95,519529,,545207

10/20/06,997.92,,213.61,599640,,241633

10/27/06,1060.86,,214.77,279457,,215814

11/3/06,1117.43,,213.66,211947,,196940

11/10/06,1120.22,,209.71,382460,,194037

11/17/06,1120.48,,186.87,287873,,856576

11/24/06,1147.59,,205.88,301839,,191438

12/1/06,1175.95,,193.95,320811,,435413

12/8/06,1217.2,,215.63,296084,,179034

12/15/06,1238.44,,192.93,402111,,646092

12/22/06,1259.24,,207.76,274229,,295200

12/29/06,1277.46,,229.46,250126,,180615

1/5/07,1240.38,,239.96,331406,,137038

1/12/07,1202.75,,224.78,290668,,337263

1/19/07,1069.52,,249.58,475685,,122937

1/26/07,969.31,,249.89,746011,,104698

2/2/07,888.48,,225.89,903150,,537861

2/9/07,884.15,,221.3,990032,,933246

2/16/07,926.66,,273.62,220559,,127695

2/23/07,898.62,,249.16,543359,,268723

3/2/07,897.31,,239.16,864182,,813920

3/9/07,932.54,,266,437794,,259696

3/16/07,954.2,,315.5,441709,,104596

3/23/07,937.71,,258.84,655356,,903254

3/30/07,914.23,,293.84,735728,,155841

4/6/07,950.48,,282.63,644425,,573982

4/13/07,994.27,,325.88,248082,,91901

4/20/07,961.89,,279.77,754168,,264053

4/27/07,971.37,,304.9,504035,,101135

5/4/07,958.82,,288.48,650467,,165603

5/11/07,974.98,,242.35,560934,,732529

5/18/07,966.95,,269.78,530858,,238933

5/25/07,971.93,,226.38,371419,,585971

6/1/07,954.12,,230.67,554291,,467219

6/8/07,944.87,,259.1,620017,,132106

6/15/07,934.78,,216.58,429225,,420253

6/22/07,893.78,,207.94,929683,,391532

6/29/07,873.07,,199.63,619833,,302585

7/6/07,837.91,,197.64,1388750,,541942

7/13/07,876.84,,215.06,349172,,231347

7/20/07,876.21,,215.08,480537,,455892

7/27/07,879.06,,210.37,398446,,328649

8/3/07,861.28,,210.03,886432,,563014

8/10/07,859.69,,221.05,1102163,,445703

8/17/07,866.59,,219.2,530745,,381529

8/24/07,863.8,,217.9,735484,,298501

8/31/07,882,,218.2,668432,,230713

9/7/07,884.06,,205.32,643225,,691517

9/14/07,885.62,,224.75,562021,,156562

9/21/07,868.25,,213.15,1250124,,239854

9/28/07,897.78,,209.38,602913,,262333

10/5/07,905.58,,192.25,426099,,560037

10/12/07,920.15,,196.41,670969,,337346

10/19/07,952.53,,196.7,541866,,324148

10/26/07,990.46,,199.72,270428,,215597

11/2/07,986.16,,181.93,364791,,1033038

11/9/07,997.71,,193.38,481710,,205660

11/16/07,1010.31,,198.3,489024,,251826

11/23/07,1058.18,,201.24,390062,,340198

11/30/07,1102.61,,212.68,395729,,229820

12/7/07,1135.52,,200.13,241819,,293270

12/14/07,1120.07,,200.34,260960,,490082

12/21/07,1047.69,,200.4,684349,,295531

12/28/07,1008.35,,199.89,474457,,354318

1/4/08,982.79,,221.18,486961,,110728

1/11/08,987.34,,224.04,401125,,101180

1/18/08,927.12,,208.92,449115,,1200565

1/25/08,880.59,,224.74,406869,,100064

2/1/08,815.97,,228.09,1696864,,126241

2/8/08,809.87,,237.02,623390,,169552

2/15/08,798.04,,227.57,593113,,287240

2/22/08,767.69,,218.07,2212557,,698090

2/29/08,796.16,,220.46,590141,,470897

3/7/08,801.27,,219.49,805008,,478224

3/14/08,781.71,,216.56,812716,,344266

3/21/08,775.71,,210.62,741313,,366336

3/28/08,792.54,,199.33,422034,,389986

4/4/08,772.19,,191.72,572488,,664518

4/11/08,737.17,,194.83,1374252,,314724

4/18/08,757.55,,217.11,654062,,145527

4/25/08,771.16,,241.38,731184,,138135

5/2/08,776.48,,224.36,595149,,291178

5/9/08,779.54,,222.3,715408,,245096

5/16/08,780.74,,236.2,636403,,157158

5/23/08,785.38,,235.52,530664,,116138

5/30/08,787.71,,238.49,674667,,180720

6/6/08,780.28,,225.37,768680,,277128

6/13/08,763.76,,221.87,1014405,,359105

6/20/08,774.84,,219.67,691791,,324961

6/27/08,800.79,,248.13,532399,,350208

7/3/08,834.96,,274.22,367391,,83125

7/11/08,838.45,,280.62,470223,,96297

7/18/08,843.74,,277.75,326236,,130772

7/25/08,802.32,,267.07,1329702,,222884

8/1/08,818.96,,272.14,316285,,176362

8/8/08,820.63,,273.38,712384,,152293

8/15/08,823.01,,270.68,753386,,107673

8/22/08,821.63,,234.29,805650,,197445

8/29/08,834.65,,239.33,468826,,144031

9/5/08,828.03,,225.03,621030,,198494

9/12/08,837.1,,210.63,563992,,316547

9/19/08,838.33,,212.61,354783,,85170

9/26/08,818.13,,205.2,644318,,118289

10/3/08,805.2,,180.07,688892,,433554

10/10/08,787.74,,181.59,379508,,120949

10/17/08,759.84,,171.95,547690,,196212

10/24/08,708.11,,170.76,664032,,216082

10/31/08,672.94,,165.64,1268852,,308847

11/7/08,751.98,,173.58,441523,,90346

11/14/08,886.42,,184.27,318766,,71044

11/21/08,960.75,,177.88,225838,,229004

11/28/08,955.02,,173.58,299427,,152552

12/5/08,909.39,,157.84,468078,,495896

12/12/08,886.27,,164.01,533089,,184706

12/19/08,854.86,,177.06,457160,,113716

12/24/08,816.12,,188.42,291611,,74180

1/2/09,758,,194.44,532583,,133941

1/9/09,718.93,,189.91,1356457,,171185

1/16/09,740.93,,194.1,326053,,180152

1/23/09,707.03,,199.28,599101,,201878

1/30/09,672.68,,182.56,753068,,324795

2/6/09,623.54,,183.3,1025564,,231977

2/13/09,588.85,,198.03,1380932,,233628

2/20/09,573.12,,209.65,978482,,274926

2/27/09,572.61,,225.33,989234,,102076

3/6/09,570.83,,243.32,989947,,163704

3/13/09,572.25,,251.26,1085195,,130768

3/20/09,584.37,,256.54,840581,,134049

3/27/09,587.33,,268.21,693355,,159243

4/3/09,592.95,,273.94,821590,,57623

4/10/09,619.42,,281.57,659329,,85601

4/17/09,664.87,,299.21,219668,,69590

4/24/09,720.23,,313.01,423860,,54348

5/1/09,732.15,,306.42,335796,,69056

5/8/09,731.79,,296.3,625804,,102145

5/15/09,750.14,,277.09,775411,,106348

5/22/09,776.7,,244.08,503690,,311371

5/29/09,786.52,,257.4,361093,,77408

6/5/09,783.14,,219.66,628555,,247433

6/12/09,786.14,,201.03,610562,,274903

6/19/09,782.26,,197.66,656822,,139625

6/26/09,783.4,,193.82,582931,,163535

7/2/09,785.09,,196.61,372233,,103638

7/10/09,784.3,,199.09,388620,,110497

7/17/09,763.91,,192.1,716515,,286655

7/24/09,746.47,,206.01,937312,,116409

7/31/09,719.61,,211.8,1007377,,90199

8/7/09,696.6,,207.46,1290596,,113511

8/14/09,696.77,,210.09,658542,,97731

8/21/09,693.14,,206.42,577400,,99268

8/28/09,688.75,,209.97,603676,,109150

9/4/09,674.13,,212.37,603788,,113992

9/11/09,663.81,,208.45,1145012,,72202

9/18/09,673.26,,210.08,506091,,107032

9/25/09,666.13,,211.95,592379,,64863

10/2/09,646.49,,206.74,980522,,71556

10/9/09,635.7,,192.57,1154381,,106425

10/16/09,659.06,,186.4,852161,,152974

10/23/09,701,,184.67,769210,,108483

10/30/09,761.51,,173.73,344339,,210454

11/6/09,810.4,,174.46,409832,,159824

11/13/09,827.64,,174.99,659791,,87399

11/20/09,848.52,,176.45,381237,,94229

11/27/09,891.71,,177.15,497245,,73638

12/4/09,905.85,,178.26,411665,,54259

12/11/09,871.13,,177.16,806165,,62929

12/18/09,868.51,,179.39,506899,,121910

12/24/09,850.55,,191.71,531908,,74969

12/31/09,830.05,,193.98,556825,,70391

1/8/10,782.73,,192.6,1058961,,115873

1/15/10,790.92,,192.38,483041,,115980

1/22/10,769.41,,198.77,452044,,111875

1/29/10,706.71,,196.82,1234128,,178011

2/5/10,675.11,,201.23,766812,,277464

2/12/10,650.55,,210.71,879595,,102896

2/19/10,652.56,,215.56,1008746,,160427

2/26/10,653.52,,232.33,853957,,297089

3/5/10,658.85,,233.91,820107,,211580

3/12/10,676,,238.57,1116739,,518107

3/19/10,733.87,,255.04,442889,,92552

3/26/10,776.52,,279.23,321270,,95279

4/2/10,813.03,,288.82,352939,,69010

4/9/10,841.18,,296.04,383454,,90485

4/16/10,870.53,,282.24,274756,,88005

4/23/10,866.81,,292.05,427264,,68377

4/30/10,879.05,,296.82,432661,,83224

5/7/10,875.86,,298.55,526217,,64743

5/14/10,884.51,,289.47,300305,,84547

5/21/10,874.19,,267.19,401385,,107306

5/28/10,854.38,,242.55,490335,,93846

6/4/10,843.27,,230.66,479995,,90191

6/11/10,799.42,,213.83,737887,,107181

6/18/10,785.63,,200.33,714082,,151480

6/25/10,785.16,,205.06,572572,,128688

7/2/10,787.53,,208.33,412041,,82834

7/9/10,760.39,,211.72,694290,,78329

7/16/10,761.42,,207.73,246638,,89741

7/23/10,747.64,,215.93,553973,,139296

7/30/10,722.3,,224.33,1156752,,85920

8/6/10,720.06,,228.25,932444,,134576

8/13/10,738.2,,236.55,482203,,105314

8/20/10,761.92,,247.32,464082,,101979

8/27/10,789.58,,267.46,338547,,73110

9/3/10,810.89,,270.2,253879,,65011

9/10/10,821.1,,270.88,270627,,102771

9/17/10,828.76,,268.58,282643,,101888

9/24/10,843.21,,268.9,590043,,85041

10/1/10,867.5,,256.1,335076,,107798

10/8/10,873.52,,240.19,667846,,79264

10/15/10,900.89,,216.07,445883,,80731

10/22/10,938.16,,222.78,337604,,75795

10/29/10,946.24,,225.01,283308,,97187

11/5/10,951.81,,224.44,280505,,73645

11/12/10,957.34,,225.15,441616,,101270

11/19/10,989.14,,228.23,274216,,50705

11/26/10,996.39,,232.25,414205,,52153

12/3/10,1004.49,,236.11,414147,,77719

12/10/10,985.43,,238.13,362502,,70731

12/17/10,914.68,,242.12,566070,,78851

12/23/10,856.75,,242.71,433876,,81769

12/30/10,837.18,,247.72,441983,,60076

1/7/11,788.21,,250.61,522220,,58520

1/14/11,752.5,,248.97,751115,,81875

1/21/11,736.35,,256.97,2115788,,59947

1/28/11,759.88,,249.41,496266,,90582

2/4/11,749.04,,252.71,659182,,89560

2/11/11,720.6,,249.77,1537083,,79071

2/18/11,728.44,,248.2,1324414,,87559

2/25/11,756.01,,251.92,807397,,85481

3/4/11,795.09,,253.9,415167,,421744

3/11/11,827.59,,263.81,475879,,98004

3/18/11,858.77,,275.38,377170,,54285

3/25/11,865.21,,277.5,308146,,63272

4/1/11,869.21,,270.95,428040,,91743

4/8/11,862.28,,272.02,316221,,80117

4/15/11,840.41,,273.79,668708,,85135

4/22/11,813.13,,270.02,602341,,80952

4/29/11,810.59,,273.15,628828,,51450

5/6/11,774.4,,260.3,601920,,64199

5/13/11,760.8,,239.85,665144,,79891

5/20/11,740.93,,225.7,1316669,,109654

5/27/11,758.69,,219.12,568256,,94418

6/3/11,776.89,,220.33,538635,,129766

6/10/11,785.21,,221.76,404794,,116057

6/17/11,786.25,,223.41,764845,,110608

6/24/11,814.38,,241.13,473789,,95714

7/1/11,823.01,,257.28,537386,,71015

7/8/11,854.62,,268.44,443647,,78125

7/15/11,885.83,,290.93,358244,,58193

7/22/11,878.37,,305.96,394439,,112965

7/29/11,861.52,,314.96,437298,,94619

8/5/11,848.64,,313.71,596906,,135462

8/12/11,847.9,,319.19,737140,,56211

8/19/11,856.66,,321.41,553039,,85042

8/26/11,847.95,,326.56,699869,,65164

9/2/11,842.34,,315.03,810570,,70712

9/9/11,847.23,,318.52,805792,,58016

9/16/11,879.46,,316.23,392719,,78555

9/23/11,908.87,,300.1,384687,,53672

9/30/11,938.25,,275.13,391241,,68559

10/7/11,966.6,,263.81,418658,,70718

10/14/11,982.92,,255.35,356942,,53613

10/21/11,978.59,,252.84,437691,,76310

10/28/11,986.2,,256.89,454460,,74668

11/4/11,981.46,,260.52,406895,,62877

11/11/11,1009.13,,261.48,263702,,79187

11/18/11,1018.22,,270.43,342993,,73894

11/25/11,1029.1,,281.11,374703,,31539

12/2/11,1047.26,,284.26,237851,,35464

12/9/11,1045.01,,282.37,238852,,53569

12/16/11,1009.28,,280.32,600835,,111422

12/23/11,973.54,,279.85,643097,,73524

12/30/11,928.06,,288.63,588522,,62963

1/6/12,865.6,,288.26,764428,,56146

1/13/12,851.7,,283.7,571418,,57135

1/20/12,828.64,,278.69,816225,,69907

1/27/12,831.19,,279.07,713711,,64653

2/3/12,833.93,,285.46,838934,,69041

2/10/12,861.03,,292.16,736759,,65536

2/17/12,885.52,,297.56,471148,,65512

2/24/12,917.53,,308.29,479006,,73751

3/2/12,954.79,,322.71,328698,,76275

3/9/12,968.67,,321.74,377645,,332792

3/16/12,955.18,,310.24,455873,,195302

3/23/12,957.29,,314.89,400176,,61787

3/30/12,939.96,,307.01,641505,,93541

4/6/12,930.56,,280.75,514788,,353859

4/13/12,898.55,,275.32,1045845,,289247

4/20/12,926.6,,301.86,471663,,95770

4/27/12,935.54,,314.5,683063,,60979

5/4/12,946.62,,320.24,473301,,61374

5/11/12,935.7,,318.25,616438,,77793

5/18/12,945.11,,321.44,620798,,75827

5/25/12,952.32,,329.2,458133,,81365

6/1/12,965.46,,335.16,595230,,58618

6/8/12,971.52,,340.28,411206,,80520

6/15/12,973.49,,345.49,508515,,79414

6/22/12,977.46,,351.49,347215,,49975

6/29/12,965.36,,353.16,460365,,53029

7/6/12,942.56,,345.87,419899,,44042

7/13/12,916.2,,336.4,567712,,46273

7/20/12,866.1,,314.11,1007022,,43266

7/27/12,858.78,,304.11,1292957,,76505

8/3/12,878.85,,297.73,426516,,79081

8/10/12,918.13,,308.89,382138,,63789

8/17/12,977.24,,318.01,197022,,43026

8/24/12,999.21,,312.76,178593,,59489

8/31/12,957.68,,305.2,462298,,67391

9/7/12,981.51,,303.95,377339,,54110

9/14/12,988.34,,301.82,397121,,65921

9/21/12,991.81,,299.17,400235,,56748

9/28/12,982.02,,295.81,440091,,37437

10/5/12,976.15,,292.04,461845,,69181

10/12/12,978.67,,295.88,691259,,55359

10/19/12,1002.64,,300.62,434268,,61107

10/26/12,1048.45,,308.59,471401,,63448

11/2/12,1083.01,,310.68,423320,,33384

11/9/12,1115.74,,318.11,395274,,47538

11/16/12,1149.88,,312.7,363352,,37185

11/23/12,1179.52,,311.43,310264,,47787

11/30/12,1213.14,,295.2,244909,,425414

12/7/12,1216.91,,305.02,364851,,32554

12/14/12,1227.8,,305.33,570703,,61084

12/21/12,1162.08,,306.93,791729,,51629

12/28/12,1116.36,,318.01,489638,,32731

1/4/13,1013.12,,327.26,438256,,36130

1/11/13,982.67,,327.94,738119,,51593

1/18/13,951.96,,331.32,698874,,47003

1/25/13,923.05,,318.74,842425,,54707

2/1/13,914.77,,307.13,689778,,98578

2/8/13,906.02,,305.01,618115,,75900

2/15/13,874.5,,303.74,788667,,89702

2/22/13,884.11,,299.48,521696,,288826

3/1/13,864.01,,301.25,1180349,,108044

3/8/13,910.68,,307.01,308242,,132966

3/15/13,900.76,,306.23,497916,,112145

3/22/13,883.45,,303.49,1058044,,48038

3/29/13,875.33,,304.23,740577,,59354

4/5/13,892.16,,306.66,340328,,50903

4/12/13,892.36,,308.62,343398,,69679

4/19/13,874.7,,308.49,558248,,44232

4/26/13,875.25,,311.71,929639,,95801

5/3/13,911.61,,320.58,331811,,67467

5/10/13,957.02,,326.8,328832,,69081

5/17/13,983.67,,331.49,358416,,78969

5/24/13,1010.93,,340.09,280613,,77566

5/31/13,1022.77,,340.08,269944,,60652

6/7/13,1005.42,,336.45,425149,,53627

6/14/13,971.35,,330.04,411490,,65482

6/21/13,917.63,,301.73,868765,,179919

6/28/13,901.55,,304.73,1486568,,65733

7/5/13,927.77,,302.25,326927,,106607

7/12/13,938.14,,301.48,263062,,67735

7/19/13,880.42,,299.63,726187,,81724

7/26/13,893,,298,866210,,100533

8/2/13,909.81,,293.69,340751,,75929

8/9/13,905.06,,298.25,347400,,82237

8/16/13,912.33,,303.55,445867,,76994

8/23/13,936.35,,305.19,500371,,73166

8/30/13,956.16,,302.81,548047,,45731

9/6/13,980.83,,303.32,327981,,69517

9/13/13,1000.95,,301.45,227076,,78824

9/20/13,1012.13,,301.38,231490,,64186

9/27/13,1013.02,,294.22,378131,,96619

10/25/13,1075.35,,280.28,334272,,65044

11/1/13,1144.27,,277.07,321837,,66641

11/8/13,1165.44,,271.23,275829,,65903

11/15/13,1183.12,,268.52,316714,,74505

11/22/13,1216.29,,254.28,287523,,78665

11/29/13,1273.27,,255.53,243690,,65094

12/6/13,1279.99,,254.28,145782,,50705

12/13/13,1273.26,,248.75,187035,,68427

12/20/13,1078.63,,250.93,697334,,107641

12/27/13,998.3,,256.82,676113,,87525

1/3/14,966.77,,266.74,702292,,43013

1/10/14,966.58,,270.09,1147999,,163365

1/17/14,980.12,,280.39,856418,,229276

1/24/14,1007.32,,283.6,442024,,125934

1/31/14,970.78,,292.62,728964,,89012

2/7/14,961.13,,284.97,697395,,63801

2/14/14,957.58,,267.51,487693,,491847

2/21/14,962.19,,277,726965,,667325

2/28/14,999.43,,287.94,416858,,148258

3/7/14,1041.08,,307.78,499140,,77479

3/14/14,1092.76,,327.92,315516,,59235

3/21/14,1100.99,,338.34,285908,,47331

3/28/14,1106.87,,332.49,404830,,104395

4/4/14,1067.56,,328,343123,,129498

4/11/14,1055.37,,329.5,389601,,79449

4/18/14,1040.13,,335.44,908662,,61724

4/25/14,1067.23,,347.15,420880,,35522

5/2/14,1089.45,,354.7,418092,,44988

5/9/14,1083.22,,362.35,312689,,45289

5/16/14,1078.09,,353.36,443020,,31961

5/23/14,1073.98,,355.47,516220,,38421

5/30/14,1069.38,,341.89,420784,,71100

6/6/14,1021,,335.16,638745,,66052

6/13/14,989.78,,343.61,1128879,,73802

6/20/14,1013.24,,368.15,428324,,238795

6/27/14,1051.56,,406.29,279125,,43016

7/3/14,1040.86,,405.61,339579,,66590

7/11/14,1013.63,,400.42,429334,,194888

7/18/14,1012.79,,397.67,371124,,55557

7/25/14,1010.03,,348.53,478683,,237989

8/1/14,1028.04,,352.93,469724,,196867

8/8/14,1023,,346.14,698244,,171121

8/15/14,1039.96,,340.14,604464,,80907

8/22/14,1079.89,,331.16,814467,,104821

8/29/14,1137.94,,332.12,459875,,45814

9/5/14,1199.86,,319.85,275722,,158658

9/12/14,1235.06,,329.19,280833,,55104

9/19/14,1273.11,,326.45,242929,,54328

9/26/14,1234.69,,298.28,382830,,193367

10/3/14,1210.54,,308.64,499007,,147039

10/10/14,1199.31,,321.85,649566,,56732

10/17/14,1218.85,,324.68,307331,,104936

10/24/14,1226.39,,325.53,332846,,50071

10/31/14,1212.06,,334.55,395775,,43125

11/7/14,1255.03,,338.47,176262,,47007

11/14/14,1173.49,,346.57,493198,,41590

11/21/14,1170.86,,337.7,472755,,233042

11/28/14,1181.16,,341.66,332179,,102617

12/5/14,1136.04,,350.12,347782,,51035

12/12/14,1070.82,,319.24,478950,,166551

12/19/14,971.72,,340.51,1239062,,30284

12/26/14,972.98,,343.61,803445,,80754

1/2/15,999.62,,337.44,330996,,107765

1/9/15,1007.99,,358.09,585437,,35031

1/16/15,1015.18,,363.84,571619,,70037

1/23/15,991.39,,374.81,827956,,39402

1/30/15,965.51,,337.89,1277931,,194742

2/6/15,979.46,,354.58,444285,,140243

2/13/15,987.44,,385.44,730151,,35132

2/20/15,998.07,,403.47,724876,,35486

2/27/15,1037.02,,421.85,428929,,31589

3/6/15,1046.41,,424.27,621431,,48329

3/13/15,1036.83,,387.3,785588,,300669

3/20/15,1055.73,,398.02,701644,,51090

3/27/15,1091.01,,392.34,283966,,67795

4/3/15,1111.36,,438.7,265740,,41201

4/10/15,1118.87,,438.95,419977,,34431

4/17/15,1103.15,,450.39,419228,,26779

4/24/15,1082.31,,453.47,778806,,37946

5/1/15,1085.21,,458.24,456030,,35897

5/8/15,1082.3,,457.36,879887,,29608

5/15/15,1103.61,,384.44,697756,,193282

5/22/15,1107.86,,438.57,397022,,29540

5/29/15,1105.76,,420.71,427982,,34163

6/5/15,1056.89,,371.63,858226,,220618

6/12/15,1065.98,,352.15,561211,,699544

6/19/15,1062.28,,377.17,614869,,40527

6/26/15,1063.82,,378.49,585885,,76540

7/2/15,1076.6,,387.25,326361,,35787

7/10/15,1069.4,,386.77,402504,,60145

7/17/15,1060.1,,357.27,807156,,167674

7/24/15,1077.75,,388.89,325356,,43678

7/31/15,1068.26,,395.93,1067440,,53956

8/7/15,1114.97,,410.06,353847,,39760

8/14/15,1155.24,,427.7,237645,,35944

8/21/15,1194.6,,448.92,389914,,41277

8/28/15,1232.25,,454.54,168501,,25015

9/4/15,1230.18,,443.11,476307,,121869

9/11/15,1273.21,,449.48,192606,,29821

9/18/15,1216.77,,438.82,454944,,35262

9/25/15,1153.49,,423.92,940741,,37450

10/2/15,1101.08,,382.77,1029222,,44139

10/9/15,1088.62,,336.13,834468,,86787

10/16/15,1111.49,,334.1,447573,,31260

10/23/15,1099.1,,333.08,534753,,28781

10/30/15,1114.7,,322.06,564782,,36614

11/6/15,1112.6,,297.46,214694,,166640

11/13/15,1068.02,,293.83,601696,,81374

11/20/15,1038.97,,280.85,597405,,214505

11/27/15,1025.11,,281.9,467784,,123464

12/4/15,1028.02,,296.17,627477,,33099

12/11/15,1052.98,,282.66,542788,,121501

12/18/15,1039.92,,288.25,565339,,34820

12/24/15,964.27,,290,638863,,49399

12/31/15,986.09,,307.13,344821,,29064

1/8/16,1012.24,,330.12,603492,,32046

1/15/16,1029.66,,331.25,342446,,41628

1/22/16,991.75,,322.71,408954,,36164

1/29/16,995.42,,302.51,496182,,75848

2/5/16,1002.62,,289.55,359428,,87484

2/12/16,981.36,,315.34,1156718,,18975

2/19/16,1001.09,,331.3,498732,,29495

2/26/16,1037.27,,354.62,438549,,37193

3/4/16,1081.08,,376.05,408254,,24325

3/11/16,1078.69,,384.28,302812,,49945

3/18/16,1103.34,,407.81,221721,,28595

3/25/16,1011.04,,419.61,1227180,,20719

4/1/16,1018.47,,415.45,434788,,101139

4/8/16,944.48,,427.64,1462915,,18693

4/15/16,984.13,,429.37,508882,,90816

4/22/16,974.2,,438.44,531342,,52662

4/29/16,942.97,,449.41,579492,,23623

5/6/16,877.93,,433.31,907600,,15748

5/13/16,927.85,,418.51,585073,,221308

5/20/16,1040.19,,448.16,179653,,24918

5/27/16,1046.62,,429.96,195663,,31361

6/3/16,1060.12,,427.13,231111,,39319

6/10/16,1053.68,,422.12,352553,,18705

6/17/16,1023.04,,345.99,368583,,152170

6/24/16,953.36,,355.46,778789,,47480

7/1/16,928.34,,334.07,672938,,100835

7/8/16,961.37,,346.26,203763,,64839

7/15/16,992,,354.98,411117,,34127

7/22/16,988.46,,356.83,252787,,22768

7/29/16,969.04,,338.46,448953,,99156

8/5/16,998.35,,337.79,344689,,57214

8/12/16,998.02,,344.11,477795,,40091

8/19/16,994.25,,354.94,327683,,25969

8/26/16,995.17,,350.62,353741,,43288

9/2/16,964.92,,349.58,622253,,33023

9/9/16,932.19,,328.05,646573,,38605

9/16/16,925.08,,322.39,791708,,29364

9/23/16,921.3,,309.99,571677,,28589

9/30/16,911.84,,293.94,794807,,41968

10/7/16,908.82,,268.47,405144,,106291

10/14/16,886.25,,262.21,474613,,32612

10/21/16,827.36,,246.41,940991,,88009

10/28/16,902.75,,241.41,375921,,43892

11/4/16,932.93,,235.76,189146,,20569

11/11/16,976.83,,217.31,408962,,20308

11/18/16,999.12,,198.26,262985,,121405

11/25/16,1038.11,,204.12,115518,,60779

12/2/16,1060.94,,209.02,193084,,12823

12/9/16,1055.03,,213.36,290850,,19038

12/16/16,995.82,,211.68,982414,,29445

12/23/16,943.18,,219.37,644825,,22073

12/30/16,940.96,,241.13,570281,,26272

1/6/17,930.62,371.79,242.79,616948,47284,20216

1/13/17,893.93,372.67,240.72,777458,49215,205260

1/20/17,901.44,386.83,240.39,532454,192155,83873

1/27/17,904.36,380.47,237.62,506527,127854,363245

2/3/17,898.89,406.34,255.37,524388,105209,182754

2/10/17,900.49,422,263.54,560438,74563,100808

2/17/17,910.15,390.56,272.36,997285,224300,27107

2/24/17,953.68,442.99,293.07,738487,189811,52803

3/3/17,1015.74,467.15,338.03,365574,84571,203422

3/10/17,1057.32,505.92,333.27,427307,89441,87024

3/17/17,1100.35,508.8,378.78,443682,74168,26682

3/24/17,1131.21,563.97,395.69,203394,54811,27833

3/31/17,1049.06,534.93,386.53,558236,51003,26878

4/7/17,1020.12,489.9,381.89,528511,60089,17740

4/14/17,1011.7,492.6,340.02,574286,53386,88261

4/21/17,1022.19,483.75,345.96,249461,51591,37561

4/28/17,1019.62,486.39,340.06,326159,365771,36367

5/5/17,1082.14,485.86,359.26,196799,277295,31595

5/12/17,1076.3,526.25,374.94,310487,33888,19233

5/19/17,1023.18,523.61,360.01,545584,42347,36001

5/26/17,1014.52,539.15,353.58,425384,48215,27004

6/2/17,1008.95,464.19,336.93,409431,93301,32865

6/9/17,1031.79,540.09,349.47,368960,86068,24277

6/16/17,1038.04,498.58,352.23,371422,193271,36442

6/23/17,1003.16,478.33,358,435531,153574,31343

6/30/17,996.73,472.98,361.49,364515,103114,21487

7/7/17,996.9,497.66,365.72,351202,87235,34235

7/14/17,962.77,469.04,369.38,453469,134342,19662

7/21/17,941.19,504.17,366.99,731246,32739,53632

7/28/17,947.64,484.74,349.51,375125,248671,104468

8/4/17,948.76,472.8,361.06,480239,165630,24657

8/11/17,925.89,458.48,347.92,542412,110368,30339

8/18/17,921.58,463.59,323.07,321691,129360,73541

8/25/17,873,452.6,323.42,1161843,41001,81790

9/1/17,876.78,359.13,268.32,389860,575883,54266

9/8/17,867.77,355.69,259.63,886027,125082,125861

9/15/17,878.55,346.67,271.42,442080,366991,58095

9/22/17,892.8,331.05,250.33,358227,565036,90805

9/29/17,922.94,340.06,257.05,223408,264884,63218

10/6/17,914.94,342.77,232.58,423373,97263,73332

10/13/17,912.91,345.64,232.4,599865,133882,100910

10/20/17,949.79,350.55,241.82,438676,127947,27280

10/27/17,999.28,355.23,241.86,383837,111089,32409

11/3/17,1040.02,369.69,242.72,351358,90015,44165

11/10/17,1100.86,417.33,260.87,348207,21431,19529

11/17/17,1140.92,411.18,284.68,346828,50585,17091

11/24/17,1159.33,414.56,290.71,178610,69074,15473

12/1/17,1157.69,419.28,280.83,286253,63680,105323

12/8/17,1126.89,404.72,284.54,343015,79067,41769

12/15/17,1056.68,427.05,307.41,654009,76437,29750

12/22/17,984.4,454.15,316.53,667411,18031,22067

12/29/17,924.45,458.68,325.07,1294270,126130,16543

1/5/18,960.76,461.56,327.68,386442,103894,26506

1/12/18,969.71,490.15,338.85,408159,177297,41944

1/19/18,934.22,458.69,337.92,679542,357520,40066

1/26/18,929.77,463.26,337.09,781998,281746,39645

2/2/18,941.23,455.09,334.67,679302,398630,80425

2/9/18,929.85,454.27,331.85,648414,243532,24187

2/16/18,941.09,470.96,331.58,780477,49870,35160

2/23/18,968.76,453.6,326.11,701270,413871,75908

3/2/18,993.16,474.8,323.16,489894,37472,150363

3/9/18,996.04,455.85,335.34,391382,444943,20768

3/16/18,1005.86,450.07,327.39,241335,174992,61461

3/23/18,984.47,467.38,332.01,720617,97842,26473

3/30/18,971.51,476.91,336.13,346502,101970,22260

4/6/18,915.95,496.45,323.82,1072926,4175,23246

4/13/18,870.22,443.05,326.2,974794,85590,23273

4/20/18,870.81,436.36,311.93,710254,249031,134529

4/27/18,910.37,448.1,316.54,549675,183328,68867

5/4/18,972.71,475,330.51,373317,58557,44499

5/11/18,998.15,481.63,331.95,360145,90578,93808

5/18/18,1001.69,489.04,349.79,427129,88087,23434

5/25/18,996.18,476.17,324.93,239223,123924,90802

6/1/18,997.79,480.33,336.29,410773,115960,144900

6/8/18,998.28,483.14,349.17,234592,115754,38824

6/15/18,961.82,479.57,340.34,405878,150501,43925

6/22/18,941.3,463.04,335.1,568060,158112,99596

6/29/18,924.4,473.35,352.37,529478,174306,31446

7/6/18,912.07,489.22,339.52,573110,36155,65581

7/13/18,908.53,446.02,338.79,491961,271461,45371

7/20/18,899.4,441.49,329.33,798356,249548,40337

7/27/18,904.96,433.09,321.01,595037,273224,70393

8/3/18,909.49,422.96,318.33,453101,232574,20794

8/10/18,911.06,428.31,309.32,613218,223107,56854

8/17/18,943.28,446.2,299.21,224848,35098,93006

8/24/18,948.2,429.79,298.84,393827,73889,28893

8/31/18,969.62,400.4,291.94,212901,200108,24233

9/7/18,923.35,391.72,276.41,585258,268281,33308

9/14/18,924.06,379.34,271.7,556700,162100,51442

9/21/18,938.98,380.34,263.96,521132,58065,21005

9/28/18,988.99,371.76,253.15,238468,120476,86922

10/5/18,1004.45,373.62,256.92,287398,298107,45435

10/12/18,1019.76,373.97,245.42,226166,185055,131780

10/19/18,1051.82,380.51,252.09,269714,64199,30131

10/26/18,1111.12,401.93,259.8,322401,88238,69450

11/2/18,1152.76,406.74,284.79,366567,40955,90082

11/9/18,1151.6,408.17,282.52,287032,106348,53712

11/16/18,1186.17,442.7,292.59,295780,32178,18539

11/23/18,1186.93,451.77,316.36,387544,32214,47869

11/30/18,1169.99,457.53,312.12,614239,17331,14968

12/7/18,1160.71,435.76,321.69,408542,133261,11790

12/14/18,1127.51,471.22,329.62,642972,58639,10879

12/21/18,1066.8,475.31,332.88,561721,31178,11942

12/28/18,1039.24,470.12,336.86,498846,165610,14296

1/4/19,1018.79,454.87,332.83,669975,235825,19208

1/11/19,1031.83,458.6,332.38,569282,228281,57382

1/18/19,1038.95,465.4,334.55,379990,159114,26633

1/25/19,1065.62,475.44,343.21,241071,73985,229181

2/1/19,1035.19,470.07,331.82,567473,96029,26702

2/8/19,1001.79,494.82,345.21,722419,44203,33130

2/15/19,993.45,481.02,342.71,826728,99500,112626

2/22/19,1003.35,481.99,358.35,435605,146375,17869

3/1/19,1003.39,477.92,338.91,447115,302481,22963

3/8/19,1033.12,488.34,354.52,353934,100391,14846

3/15/19,1010.98,480.42,341.68,525121,366120,28782

3/22/19,982.21,483.61,347.51,577681,230562,33093

3/29/19,980.71,476.98,335.83,387290,202287,28585

4/5/19,976.64,473.72,349.61,499009,161840,13797

4/12/19,967.38,466.49,353.77,457104,347362,14789

4/19/19,972.65,471.12,350.58,334898,119231,31649

4/26/19,972.63,466.5,350.94,384789,230781,18798

5/3/19,971.68,456.32,344.08,375860,523588,20860

5/10/19,966.62,470.83,330.1,438902,57392,34746

5/17/19,966.03,467.16,325.29,456033,19479,43637

5/24/19,961.34,433.55,311.94,592676,366213,23669

5/31/19,967.5,434.57,315.28,325915,85391,51753

6/7/19,967.96,396.72,315.49,356280,430415,9979

6/14/19,956.82,436.24,308.46,518022,22004,17037

6/21/19,968.22,408.2,293.24,383112,208496,20981

6/28/19,974.72,386.58,305.61,328298,457465,22393

7/5/19,961.32,392.42,310.27,452955,163869,11513

7/12/19,948.04,421.23,308.1,482337,36000,13916

7/19/19,940.32,381.73,304.21,452911,446734,14236

7/26/19,920.38,425.49,302.24,757726,68600,12954

8/2/19,941.06,395.81,293.93,389129,94038,52079

8/9/19,954.08,422.06,291.24,434837,45815,25085

8/16/19,989.72,437.22,301.66,284657,87114,63735

8/23/19,1007.72,421.34,311.26,267198,105822,24249

8/30/19,1001.42,428.26,294.66,212872,55537,31955

9/6/19,1009.57,431.88,295.69,190562,32387,9565

9/13/19,974.17,403.22,307.09,314203,160967,9374

9/20/19,1007.74,415.1,281.16,353687,45726,14966

9/27/19,1008.03,395.08,281.99,284021,172672,29010

10/4/19,1015.47,414.2,280.9,437873,63855,10166

10/11/19,1088.52,418.51,286.05,177046,31842,13075

10/18/19,1127.04,429.05,277.66,363013,43207,20160

10/25/19,1213.34,453.03,312.85,424822,39792,15060

11/1/19,1341.52,469.84,338.51,215116,57498,9349

11/8/19,1401.85,477.11,345.17,263388,217740,4905

11/15/19,1428.98,455.57,338.22,252800,765679,11235

11/22/19,1396.31,448.44,294.99,330648,256333,25844

11/29/19,1288.89,425.73,316.46,500446,332744,5944

12/6/19,1212.56,385.83,284.89,586473,498944,7078

12/13/19,1154.68,381.32,277.58,546721,405645,14979

12/20/19,1074.22,392.88,266.13,741945,127659,26014

12/27/19,1033.66,382.2,276.32,525596,173848,7976

1/3/20,1017.37,394.73,277.83,556504,208811,16705

1/10/20,993,384.3,274.41,1144287,754742,32412

1/17/20,1006.71,406.85,282.51,366837,229013,17383

1/24/20,1006.26,435.3,285.38,469864,18441,20176

1/31/20,1001.46,419.87,295.84,321410,186089,15306

2/7/20,981.79,404.17,298.9,399593,390155,59238

2/14/20,961.54,410.26,290.72,470569,63701,15917

2/21/20,938.71,396.37,287.91,670097,258284,16510

2/28/20,948.23,424.44,286.21,386802,35948,8912

3/6/20,939.88,384.27,277.39,663740,264168,21565

3/13/20,919.92,376.67,282.77,373934,124553,21790

3/20/20,811.09,473.28,304.13,1056153,212603,20536

3/27/20,717.95,467.03,312.51,708966,92221,24350

4/3/20,655.67,286.67,290.56,332227,207775,26900

4/10/20,533.33,359.2,276.88,1251836,168358,1819

4/17/20,548.8,409.51,211.23,860060,330456,175221

4/24/20,760.81,417.99,300.66,191464,84894,79732

5/1/20,1058.79,,302.04,290766,,14228

5/8/20,1206.44,869.24,634,414560,4367,781

5/15/20,1238.88,968.25,607.5,174119,2768,10047

5/22/20,1229.04,,687.76,310117,,1323

5/29/20,1219.68,,,220361,,

6/5/20,1174.92,837.64,509.26,222202,2350,36941

6/12/20,1028.49,368.48,296.86,460505,34520,6042

6/19/20,886.09,365.5,279.98,645587,536742,9339

6/26/20,798.91,374.97,253.47,772818,151434,24999

7/2/20,773.7,372.5,256.37,577286,150618,18153

7/10/20,767.04,368.14,258.65,513176,364185,28083

7/17/20,782.32,372.03,259.55,356875,331013,10453

7/24/20,810.35,436.86,249.6,503917,39702,23424

7/31/20,838.06,431.58,288.08,360021,23848,11599

8/7/20,877.49,439.82,261.7,303008,55723,22048

8/14/20,926.81,432.98,294.82,435605,73044,21826

8/21/20,1003.5,472.85,315.75,296538,86664,53626

8/28/20,1043.45,486.99,353.01,139879,28566,9809

9/4/20,1067.96,499.36,361.27,319998,11560,5676

9/11/20,1096.02,451.09,337.12,319297,54217,11486

9/18/20,1086.49,411.01,319.36,512079,282189,7135

9/25/20,1118.03,406.67,305.65,451622,169909,10605

10/2/20,1135.24,420.87,288.9,224063,67264,25912

10/9/20,1128.47,383.94,285.14,333766,489018,9561

10/16/20,1028.63,384.7,272.23,1150611,253706,39240

10/23/20,1087.48,378.36,251.73,207457,304209,56808

10/30/20,1062.62,370.24,249.93,438170,567818,61893

11/6/20,1058.1,396.02,260.66,694885,53078,19853

11/13/20,1047.03,425.49,259.67,781115,17611,12993

11/20/20,1090.06,431.48,279.01,634591,50587,32820

11/27/20,1112.6,,,477346,,

12/4/20,1119.96,409,289.48,403366,310296,24700

12/11/20,997.08,392.2,285.88,437436,36241,4301

12/18/20,883.39,387.83,283.16,960708,47271,6717

12/23/20,879.64,406.77,267.66,386996,32771,8560

12/31/20,887.12,399,272.77,472444,38569,23239

1/8/21,856.23,377.39,262.34,966778,398303,25293

1/15/21,875.87,389.74,267.94,810246,158258,20448

1/22/21,932.08,427.92,269.18,742417,183574,21366

1/29/21,1009.69,441.17,294.82,514518,134225,66064

2/5/21,1057.57,433.08,295.39,251091,143530,20188

2/12/21,1045.14,420.95,310.26,601650,107075,21478

2/19/21,1036.97,410.62,300.16,727032,158695,21020

2/26/21,1076.96,443.14,314.72,391797,50818,5050

3/5/21,1055.14,400.06,309.73,508411,114409,13238

3/12/21,1023.79,426.51,306.15,539045,135471,19068

3/19/21,1061.87,452.39,307.51,440990,56199,20346

3/26/21,1119.55,456.11,315.19,323156,117459,43905

4/2/21,1211.83,519.45,344.32,290043,19832,5007

4/9/21,1308.14,637.06,381.13,269875,85591,10556

4/16/21,1356.39,585.96,434.54,303828,242464,6855

4/23/21,1412.13,649.78,429.41,185431,52780,18936

4/30/21,1490.13,673.82,456.58,281474,85041,6962

5/7/21,1593.05,657.61,484.42,267143,157692,6235

5/14/21,1648.16,698.09,495.53,381874,42194,12609

5/21/21,1697.72,740.24,487.48,179693,94244,13131

5/28/21,1763.62,745.51,515.29,284262,36406,12727

6/4/21,1789.91,687.62,497.54,316536,255413,17135

6/11/21,1830.21,759.41,516.08,212451,21339,10898

6/18/21,1832.92,607.24,474.04,290410,71642,13487

6/25/21,1770.92,517.69,475.92,365991,357392,7925

7/2/21,1676.27,535.86,399.89,327213,87464,14025

7/9/21,1648.91,517.21,386.97,326685,115751,18633

7/16/21,1399.54,469.22,346.78,704049,255242,19684

7/23/21,1358.01,485.02,365.13,687596,118194,11336

7/30/21,1383.99,488.42,363.55,503254,67657,25179

8/6/21,1521.79,507.75,360.83,315578,69917,26620

8/13/21,1612.82,604.72,414.04,340871,63865,41790

8/20/21,1715.35,679.45,469.11,436125,18244,6305

8/27/21,1743.51,712.36,502.31,212938,25746,9226

9/3/21,1694.59,699.94,460.64,237232,42826,12185

9/10/21,1553.45,607.92,496.3,390331,89480,4497

9/17/21,1467.68,543.09,464.58,768433,460958,10121

9/24/21,1404.32,481.9,435.11,596261,332652,13342

10/1/21,1328.19,579.23,411.8,700916,26110,9892

10/8/21,1275.49,474.1,386.52,669729,234039,13093

10/15/21,1274.11,464.07,355.4,557655,288138,26292

10/22/21,1283.74,461.11,355,611603,179992,11414

10/29/21,1319.17,480.71,331.53,433081,58322,21274

11/5/21,1366.94,497.33,333.4,520260,150766,7703

11/12/21,1349.26,474.09,328.61,500384,132403,12271

11/19/21,1379,467.24,320.6,464325,298028,15772

11/26/21,1416.85,479.65,311.12,293631,336827,19020

12/3/21,1389.04,489.17,317.14,500782,224525,19821

12/10/21,1330.11,476.23,323.74,646697,156623,7239

12/17/21,1276.11,452.73,317.18,635055,64421,15128

12/23/21,1277.35,475.27,336.91,589053,72714,55708

12/30/21,1280.6,488.4,338.34,613355,59779,8455

1/7/22,1291.97,481.37,353.92,711090,69995,9718

1/14/22,1349.79,566.13,371.04,361381,7914,3283

1/21/22,1378.59,560.12,445.84,269538,111153,6527

1/28/22,1387.68,576.61,414.2,253434,139576,3295

2/4/22,1198.85,615.18,435.86,572243,34370,4907

2/11/22,1080.14,561.49,409.75,1983138,85343,7662

2/18/22,1148.6,566.13,396.02,218760,56112,5743

2/25/22,1116.21,526.04,367.26,701476,97882,28152

3/4/22,1140.54,550.93,335.47,452823,190255,16026

3/11/22,1160.4,577.4,350.35,572400,30244,67090

3/18/22,1205.35,580.24,342.99,345163,30939,26999

3/25/22,1237.63,581.53,361.26,401669,46250,5845

4/1/22,1285.02,562.12,369.33,370473,64947,7415

4/8/22,1326.63,548.96,379.57,594598,179532,3111

4/15/22,1372.13,565.85,379.04,289493,125254,9535

4/22/22,1417.45,559.04,385.65,251590,338873,6226

4/29/22,1420.08,565.79,372.9,258955,77646,31898

5/6/22,1364.06,523.5,331.99,401450,191422,111026

5/13/22,1297.46,528.27,354.51,460283,138836,32493

5/20/22,1310.34,572.93,368.6,395287,58766,11610

5/27/22,1318.68,565.45,378.91,374953,81374,16969

6/3/22,1311.02,564.67,369.25,432551,35446,10603

6/10/22,1305.8,520.41,389.2,302407,215519,17356

6/17/22,1166.79,557.81,364.7,881657,90557,24726

6/24/22,1103.44,498.62,368.75,842419,158069,9369

7/1/22,1140.28,564.91,358.18,442083,79724,32406

7/8/22,1228.44,556.98,376.47,190193,29414,1930

7/15/22,1202.2,535.3,370.61,393330,130622,3464

7/22/22,1205.48,517.54,367.57,264454,112549,16788

7/29/22,1173.31,516.52,364.84,323546,159887,5748

8/5/22,1113.01,497.92,356.48,481527,188371,7946

8/12/22,1115.4,507.63,357.05,288545,203342,13320

8/19/22,1094.3,524.03,365.41,614645,179085,3352

8/26/22,1130.35,527.6,353.09,390507,85143,4146

9/2/22,1123.04,513.42,354.13,613168,143770,5984

9/9/22,1148.17,507.79,353.1,396193,183595,1962

9/16/22,1170.94,503.78,355.43,574822,315302,12133

9/23/22,1180.91,513.5,348.19,635301,95797,6466

9/30/22,1255.35,520.74,349.44,563927,121439,9065

10/7/22,1316.64,504.9,339.53,438151,106256,17302

10/14/22,1368.96,498.4,336.31,271720,61511,4499

10/21/22,1387.28,496.98,337.14,499919,89412,43783

10/28/22,1448.14,509.22,334.98,351483,88547,10866

11/4/22,1445.31,503.68,,830841,279382,

11/11/22,1505.51,510.42,337.52,239925,71662,4303

11/18/22,1529.87,508.17,333.93,482395,131816,10647

11/25/22,1555.43,500.88,345.34,339709,52745,5278

12/2/22,1557.03,497.54,333.97,665633,82346,10278

12/9/22,1591.65,496.64,330.57,539426,280782,5294

12/16/22,1606.83,506.24,360.61,484755,40859,6196

12/23/22,1641.67,512.01,383.72,381376,77680,2770

12/30/22,1609.36,515.88,362.32,346890,56931,9882

1/6/23,1616.73,532.95,368.02,537986,60837,83004

1/9/23,1616.73,532.95,368.02,537986,60837,83004

1/13/23,1555.95,539.53,364.38,644855,262493,23720

1/20/23,1527.15,534.16,368.23,482875,79905,12918

1/27/23,1472.51,520.41,370.64,550753,227795,10898

2/3/23,1404.57,547.27,378.08,893419,83119,5313

2/10/23,1408.7,514.98,370.03,660158,56996,9321

2/17/23,1439.05,553,386.7,459156,32562,7733

2/24/23,1488.24,591.29,390.16,877275,260805,12892

3/3/23,1526.19,597.31,410.31,525324,92908,5281

3/10/23,1508.06,584.42,397.14,738553,383183,23303

3/17/23,1496.22,581.47,416.58,707594,157788,5019

3/24/23,1502.26,566.16,389.16,449662,128420,18255

3/31/23,1455.5,564.69,380.29,815380,240702,28805

4/7/23,1526.77,581.9,403.5,440141,141694,20987

4/14/23,1587.88,583.75,428.08,436088,270819,2097

4/21/23,1621.03,611.05,452.21,401713,37430,3814

4/28/23,1655.32,560.93,475.98,293098,177062,22695

5/5/23,1606,575.71,476.31,377146,303541,51956

5/12/23,1489.28,548.45,458.47,590549,201172,42618

5/19/23,1441.34,566.6,511.13,691117,65754,1482

5/26/23,1451.09,556.84,496.65,394283,292241,10350

6/2/23,1481.05,663.38,489.35,315409,133756,17801

6/9/23,1529.17,630.09,509.87,370260,25727,5460

6/16/23,1569.58,603.37,530.51,293532,148991,4304

6/23/23,1465.04,653.77,536.86,555435,50997,3873

6/30/23,1415.79,611.4,510.51,489571,46287,5605

7/7/23,1443.07,578.62,512.36,208403,130937,4637

7/14/23,1382.58,559.2,486.13,539445,279679,11470

7/21/23,1362.36,551.73,487.13,416222,129820,3408

7/28/23,1358.27,592.9,467.89,597149,88812,5507

8/4/23,1359.26,596.13,446.51,431565,50055,8440

8/11/23,1379.64,587.48,473.34,693721,70872,2246

8/18/23,1411.95,635.79,469.56,577421,185421,7384

8/25/23,1453.91,626.79,465.94,627514,144487,5486

9/1/23,1490.32,610.13,462.44,349363,138682,8100

9/8/23,1455.59,619.13,454.06,675087,85062,4516

9/15/23,1402.82,563.74,418.4,777783,466633,8721

9/22/23,1410.71,554.18,426.46,753500,395262,2523

9/29/23,1419.05,605.3,392.26,963736,57431,12031

10/6/23,1503.72,585.74,402.79,318052,539984,11556

10/13/23,1562.79,565.44,364.01,337743,76454,20669

10/20/23,1592.55,549.01,385.3,405998,485336,16394

10/27/23,1652.73,556.07,371.59,382934,218996,8707

11/3/23,1667.61,545.69,397.28,571529,358768,1471

11/10/23,1664.67,543.88,394.95,850075,132195,22701

11/17/23,1703.69,549.56,388.42,240328,177513,9894

11/24/23,1709.88,542.44,376.85,613362,575602,5781

12/1/23,1741.83,533.61,384.32,554170,361309,5233

12/8/23,1787.98,544,353.73,393057,280940,44667

12/15/23,1775.87,548.08,392.73,440275,231058,7726

12/22/23,1647.28,544.47,389.42,816421,321452,32348

12/29/23,1632.32,566.8,398.61,349543,14334,18154

1/5/24,1572.9,557.62,376.48,448725,19407,20972

1/12/24,1447.01,543.22,397.33,1010229,56193,3980

1/19/24,1457.63,557.81,,550874,145663,

1/26/24,1414.87,550.43,393.63,1115486,227647,4386

2/2/24,1387.11,540.19,397.28,476444,138491,1079

2/9/24,1413.15,543.49,405.89,423348,206529,27386

2/16/24,1407.03,529.93,385.31,429192,186562,10614

2/23/24,1404.9,532.19,397.34,601739,286505,4816

3/1/24,1411.47,549.44,400.72,654849,102401,5928

3/8/24,1385.03,547.65,414.43,928359,132237,5181

3/15/24,1414.91,572.36,413.89,482498,98615,3934

3/22/24,1407.31,573.97,447.79,579624,145122,2014

3/29/24,1392.86,582.24,472.97,556575,139656,45466

4/5/24,1356.44,560.64,471.24,756908,294171,2616

4/12/24,1302.74,594.92,443.34,1055130,180269,17829

4/19/24,1290.18,608.97,459.39,729763,80187,12786

4/26/24,1348.06,617.36,456.73,368769,80614,1169

5/3/24,1305.97,607.84,440.51,486890,95146,6697

5/10/24,1340.26,610.97,454.92,533131,125933,11198

5/17/24,1381.91,608.33,,466026,284039,

5/24/24,1383.75,623.64,470.25,407547,67373,4565

5/31/24,1392.52,630.88,489.89,454963,72652,27705

6/7/24,1372.08,663.35,503.35,465247,108133,3294

6/14/24,1360.57,674.45,502.73,484178,41780,1674

6/21/24,1304.17,686.79,524.95,1063059,47321,7675

6/28/24,1329.1,670.87,526.28,431134,139506,1538

7/5/24,1324.8,707.32,499.54,303078,70823,12654

7/12/24,1268.67,689.49,,670104,80426,

7/19/24,1221.2,660.65,524.67,764941,214998,13329

7/26/24,1157.2,627.62,514.7,984593,592587,1517

8/2/24,1185.83,673.57,499.81,596890,56893,16862

8/9/24,1180.53,666.66,481.9,761784,95184,11570

8/16/24,1206.49,635.43,,546754,112907,

8/23/24,1225.05,603.42,481.02,581287,354676,8289

8/30/24,1209.25,591.25,480.84,1032348,476508,6467

9/6/24,1256.39,667.04,483.15,389576,38565,9665

9/13/24,1252.04,589.86,,989116,392009,

9/20/24,1274.24,576.09,456.32,626115,701564,5679

9/27/24,1277.77,570.41,433.75,758650,445059,8950

10/4/24,1321.48,557.35,435.17,596780,713830,29680

10/11/24,1375.51,558.32,417.73,510143,295945,4017

10/18/24,1461.66,555.88,402.77,406988,352392,43860

10/25/24,1458.11,539.24,412.49,851612,329408,3114

11/1/24,1542.58,539.72,403.39,317366,301548,1932

11/8/24,1585.96,566.24,389.94,366473,55834,4819

11/15/24,1592.13,523.51,393.13,597711,219122,2872

11/22/24,1657.66,539.66,395.03,377390,139403,1920

11/29/24,1696.59,562.9,396.95,456602,202346,4101

12/6/24,1672.83,536.77,390.24,706484,125391,12360

12/13/24,1660.64,538.47,391.46,554135,73091,5159

12/20/24,1569.33,559.01,398.3,455592,72548,3583

12/27/24,1405.57,556.75,,504671,129106,

1/3/25,1419.09,559.44,406.55,449737,150133,7729

1/10/25,1259.42,560.5,416.77,1702204,171066,4008

1/17/25,1261.87,577.39,418.62,1027424,88452,12479

1/24/25,1265.53,574.72,417.78,899626,90647,4624

1/31/25,1276.5,585.35,429.4,455715,128076,4827

2/7/25,1268.7,602.82,,559971,79916,

2/14/25,1241.96,627.94,436.89,959844,66354,17100

2/21/25,1240.28,637.5,458.66,708746,29857,1251

2/28/25,1256.85,658.7,460.67,534945,56637,3314

3/7/25,1265.91,673.31,461.93,663205,47588,3507

3/14/25,1277.64,684.1,469.97,1091005,120294,2508

3/21/25,1326.66,684.66,489.83,392498,99364,9273

3/28/25,1388.19,737.14,519.11,631854,53956,12635

4/4/25,1437.35,757.86,525.71,479774,52775,17905

4/11/25,1445.71,713.05,549.18,352719,59688,2624

4/18/25,1384.36,752.85,559.69,561594,35471,2885

4/25/25,1377.9,750.12,,421032,55371,

5/2/25,1382.57,765.7,615.07,469173,68710,5026

5/9/25,1333.96,791.93,599.93,880323,45166,2852

5/16/25,1378.71,860.16,608.84,603656,60528,4979

5/23/25,1421.99,854.7,627.77,372595,86998,4960

5/30/25,1436.59,890.7,648.4,342683,36484,6560

6/6/25,1438.01,925.47,681.43,447709,45282,6354

6/13/25,1442.03,971.77,701.63,405606,77392,3494

6/20/25,1458.35,957.03,726.52,573052,46680,7770

6/27/25,1483.57,980.06,745.42,374386,67245,5549